Date,Open,High,Low,Close,Volume,MA_7,MA_30,Daily_Return_%,Volatility_7d,Price_Range
2024-05-15,131.02,131.31,130.29,131.21,23037290,,,,,1.02
2024-05-16,130.61,131.21,130.54,130.92,15258668,,,-0.221,,0.67
2024-05-17,132.62,132.86,132.13,132.5,24341382,,,1.2068,,0.73
2024-05-20,135.91,136.56,135.3,136.22,27984911,,,2.8075,,1.26
2024-05-21,136.28,136.62,135.55,135.69,22687700,,,-0.3891,,1.07
2024-05-22,135.13,135.2,135.12,135.16,27522714,,,-0.3906,,0.08
2024-05-23,139.03,139.79,138.35,139.09,19813653,134.4,,2.9077,,1.44
2024-05-24,140.93,141.16,140.73,141.07,24154432,135.81,,1.4235,1.4414,0.43
2024-05-27,139.93,139.94,139.9,139.93,26899241,137.09,,-0.8081,1.5412,0.04
2024-05-28,141.28,141.49,141.08,141.34,26137965,138.36,,1.0076,1.5379,0.41
2024-05-29,140.17,140.6,139.64,140.21,15367209,138.93,,-0.7995,1.4052,0.96
2024-05-30,138.86,139.55,138.84,139.08,22365964,139.41,,-0.8059,1.4533,0.71
2024-05-31,140.26,140.56,139.48,139.73,35064777,140.06,,0.4674,1.4149,1.08
2024-06-03,135.4,135.41,134.73,135.04,22045323,139.49,,-3.3565,1.5963,0.68
2024-06-04,131.34,132.23,129.83,130.95,25094845,138.04,,-3.0287,1.6306,2.4
2024-06-05,129.72,129.84,129.66,129.67,24479465,136.57,,-0.9775,1.6277,0.18
2024-06-06,126.94,127.71,126.43,127.37,34409438,134.58,,-1.7737,1.352,1.28
2024-06-07,128.85,129.46,127.92,128.13,32742208,132.85,,0.5967,1.5548,1.54
2024-06-10,125.7,126.37,124.93,126.09,29845185,131.0,,-1.5921,1.5442,1.44
2024-06-11,123.12,123.26,122.85,122.96,19160546,128.6,,-2.4824,1.3455,0.41
2024-06-12,126.56,126.75,125.97,126.29,27155098,127.35,,2.7082,1.9805,0.78
2024-06-13,125.48,125.91,124.57,125.81,28407650,126.62,,-0.3801,1.754,1.34
2024-06-14,125.57,126.65,124.34,126.0,20808370,126.09,,0.151,1.7608,2.31
2024-06-17,122.85,124.08,122.42,122.85,19776897,125.45,,-2.5,1.8733,1.66
2024-06-18,121.68,121.74,121.65,121.69,35230084,124.53,,-0.9442,1.8125,0.09
2024-06-19,121.88,122.26,121.88,121.97,23195180,123.94,,0.2301,1.7972,0.38
2024-06-20,119.85,120.15,119.21,119.5,34689860,123.44,,-2.0251,1.718,0.94
2024-06-21,119.89,120.4,119.33,120.35,30982562,122.6,,0.7113,1.2066,1.07
2024-06-24,117.96,119.55,117.73,119.09,27447260,121.64,,-1.0469,1.2054,1.82
2024-06-25,118.49,118.52,118.48,118.5,27715188,120.56,130.15,-0.4954,1.1459,0.04
2024-06-26,117.77,117.92,116.06,117.26,16597482,119.77,129.68,-1.0464,0.9077,1.86
2024-06-27,121.1,121.34,120.96,121.27,26240648,119.71,129.36,3.4198,1.7693,0.38
2024-06-28,121.31,121.35,121.27,121.28,33502122,119.61,128.99,0.0082,1.7657,0.08
2024-07-01,119.61,120.05,118.7,119.03,29088037,119.54,128.41,-1.8552,1.7352,1.35
2024-07-02,120.98,121.04,120.65,120.84,25926020,119.61,127.92,1.5206,1.8188,0.39
2024-07-03,118.3,118.45,118.18,118.25,35271623,119.49,127.35,-2.1433,1.972,0.27
2024-07-04,118.43,119.01,118.04,118.73,23889755,119.52,126.68,0.4059,1.9701,0.97
2024-07-05,114.39,115.02,114.38,114.65,21282665,119.15,125.8,-3.4364,2.3593,0.64
2024-07-08,111.61,112.71,111.37,111.97,25922991,117.82,124.86,-2.3375,1.78,1.34
2024-07-09,112.46,112.5,112.33,112.41,29598804,116.55,123.9,0.393,1.826,0.17
2024-07-10,114.25,114.95,113.12,113.94,14693235,115.83,123.02,1.3611,1.9911,1.83
2024-07-11,114.77,115.76,112.37,114.33,26709211,114.9,122.2,0.3423,1.8242,3.39
2024-07-12,113.59,114.58,113.23,114.13,29862070,114.31,121.34,-0.1749,1.727,1.35
2024-07-15,113.91,114.06,113.34,113.54,23382150,113.57,120.63,-0.517,1.6816,0.72
2024-07-16,110.5,110.63,110.42,110.6,31641788,112.99,119.95,-2.5894,1.4616,0.21
2024-07-17,109.17,109.21,109.12,109.2,28847119,112.59,119.27,-1.2658,1.2827,0.09
2024-07-18,108.38,108.41,107.58,108.34,37848298,112.01,118.63,-0.7875,1.2458,0.83
2024-07-19,110.42,110.45,110.3,110.45,20496382,111.51,118.04,1.9476,1.403,0.15
2024-07-22,111.17,111.24,111.15,111.17,29984259,111.06,117.55,0.6519,1.4361,0.09
2024-07-23,107.16,108.08,106.44,107.73,18896056,110.15,117.04,-3.0944,1.7522,1.64
2024-07-24,108.26,108.39,108.21,108.39,15307801,109.41,116.44,0.6126,1.8335,0.18
2024-07-25,107.71,107.97,107.6,107.67,12786814,108.99,115.84,-0.6643,1.6262,0.37
2024-07-26,106.52,106.62,106.09,106.4,28229944,108.59,115.18,-1.1795,1.6186,0.53
2024-07-29,107.55,107.79,107.26,107.61,26105487,108.49,114.68,1.1372,1.6953,0.53
2024-07-30,109.43,110.18,109.38,109.66,22125693,108.38,114.28,1.905,1.6869,0.8
2024-07-31,111.7,111.93,111.52,111.55,14358973,108.43,113.93,1.7235,1.8096,0.41
2024-08-01,109.84,110.33,109.62,109.91,20857680,108.74,113.61,-1.4702,1.3936,0.71
2024-08-02,109.28,109.34,108.93,109.33,25024558,108.88,113.24,-0.5277,1.4168,0.41
2024-08-05,109.38,112.0,109.17,110.02,29759016,109.21,112.94,0.6311,1.3795,2.83
2024-08-06,112.43,112.72,111.08,112.0,24900785,110.01,112.72,1.7997,1.298,1.64
2024-08-07,110.98,111.13,110.94,111.07,26512362,110.51,112.52,-0.8304,1.4068,0.19
2024-08-08,110.08,111.31,109.47,110.74,22743205,110.66,112.16,-0.2971,1.2698,1.84
2024-08-09,108.75,108.89,108.35,108.58,35495345,110.24,111.74,-1.9505,1.2689,0.54
2024-08-12,106.99,107.48,105.88,106.3,18890502,109.72,111.32,-2.0998,1.3769,1.6
2024-08-13,107.29,108.03,106.9,107.9,20804570,109.52,110.89,1.5052,1.5639,1.13
2024-08-14,111.39,111.41,109.46,110.6,22045851,109.6,110.63,2.5023,1.8575,1.95
2024-08-15,110.33,110.65,110.23,110.49,28256226,109.38,110.36,-0.0995,1.6979,0.42
2024-08-16,112.54,112.55,112.53,112.54,18766841,109.59,110.29,1.8554,1.8255,0.02
2024-08-19,113.88,115.06,112.68,113.31,25814311,109.96,110.33,0.6842,1.8184,2.38
2024-08-20,111.87,112.11,111.78,112.03,25989460,110.45,110.32,-1.1296,1.666,0.33
2024-08-21,112.81,112.85,112.7,112.8,20833852,111.38,110.28,0.6873,1.2277,0.15
2024-08-22,115.98,116.65,115.74,116.0,26979876,112.54,110.34,2.8369,1.4311,0.91
2024-08-23,116.39,117.28,115.08,115.96,18953116,113.3,110.4,-0.0345,1.3182,2.2
2024-08-26,119.28,119.5,119.22,119.31,18297555,114.56,110.59,2.8889,1.4938,0.28
2024-08-27,114.2,114.42,113.6,113.85,25597634,114.75,110.7,-4.5763,2.559,0.82
2024-08-28,115.8,116.71,115.01,115.58,15041466,115.08,110.91,1.5195,2.6047,1.7
2024-08-29,115.05,115.97,114.3,115.79,12131183,115.61,111.16,0.1817,2.5298,1.67
2024-08-30,115.32,115.59,115.1,115.21,28196999,115.96,111.32,-0.5009,2.5549,0.49
2024-09-02,115.34,115.77,115.24,115.43,31293819,115.88,111.46,0.191,2.3059,0.53
2024-09-03,111.56,111.93,111.15,111.41,22199181,115.23,111.58,-3.4826,2.6459,0.78
2024-09-04,110.18,111.55,109.92,111.0,20991576,114.04,111.67,-0.368,2.1895,1.63
2024-09-05,111.84,111.92,111.67,111.75,31033211,113.74,111.8,0.6757,1.5756,0.25
2024-09-06,114.64,114.91,114.63,114.8,18126770,113.63,112.08,2.7293,1.8458,0.28
2024-09-09,113.8,114.32,113.36,113.77,16819764,113.34,112.29,-0.8972,1.8651,0.96
2024-09-10,112.46,112.73,111.41,112.16,29245818,112.9,112.37,-1.4151,1.918,1.32
2024-09-11,111.65,111.8,111.1,111.18,25054229,112.3,112.36,-0.8738,1.9086,0.7
2024-09-12,113.45,114.24,112.81,113.06,31389260,112.53,112.47,1.691,1.5347,1.43
2024-09-13,113.77,113.83,113.76,113.77,12158404,112.93,112.61,0.628,1.5171,0.07
2024-09-16,112.83,113.26,112.69,112.72,16595956,113.07,112.7,-0.9229,1.5811,0.57
2024-09-17,113.59,114.0,113.58,113.8,25085992,112.92,112.76,0.9581,1.1899,0.42
2024-09-18,114.07,114.28,113.92,114.04,27506042,112.96,112.86,0.2109,1.1419,0.36
2024-09-19,116.44,116.77,115.81,116.08,30081982,113.52,113.04,1.7888,1.1031,0.96
2024-09-20,114.57,114.7,114.51,114.65,26048906,114.02,113.24,-1.2319,1.1827,0.19
2024-09-23,113.94,114.14,113.72,114.01,25987930,114.15,113.5,-0.5582,1.09,0.42
2024-09-24,113.69,114.87,113.24,113.25,22663590,114.08,113.68,-0.6666,1.1002,1.63
2024-09-25,110.53,110.6,110.29,110.33,34545429,113.74,113.67,-2.5784,1.4415,0.31
2024-09-26,111.19,111.22,110.94,110.96,18381859,113.33,113.68,0.571,1.3919,0.28
2024-09-27,111.27,111.79,111.21,111.51,27154120,112.97,113.65,0.4957,1.4151,0.58
2024-09-30,111.35,112.48,111.0,111.56,19073146,112.32,113.59,0.0448,1.1027,1.48
2024-10-01,111.15,112.02,110.66,111.12,28208671,111.82,113.56,-0.3944,1.0625,1.36
2024-10-02,107.75,109.51,107.21,108.36,18777894,111.01,113.41,-2.4838,1.3167,2.3
2024-10-03,107.41,107.78,107.22,107.57,29462894,110.2,113.13,-0.7291,1.3166,0.56
2024-10-04,106.74,107.54,106.13,106.94,25672629,109.72,112.83,-0.5857,1.0341,1.41
2024-10-07,105.08,105.77,105.02,105.44,35467835,108.93,112.37,-1.4027,0.9801,0.75
2024-10-08,105.63,105.63,104.73,105.17,23313882,108.02,112.08,-0.2561,0.858,0.9
2024-10-09,106.84,108.03,105.71,105.97,27549796,107.22,111.76,0.7607,1.009,2.32
2024-10-10,110.11,110.99,109.16,109.66,20322062,107.02,111.56,3.4821,1.896,1.83
2024-10-11,110.42,110.64,109.5,110.04,23272641,107.26,111.38,0.3465,1.5999,1.14
2024-10-14,110.58,110.61,110.58,110.58,25634496,107.69,111.22,0.4907,1.5434,0.03
2024-10-15,110.3,110.57,110.29,110.47,15836680,108.19,111.19,-0.0995,1.5017,0.28
2024-10-16,107.41,109.01,106.73,106.75,16494256,108.38,111.05,-3.3674,2.009,2.28
2024-10-17,107.91,108.92,104.66,106.73,28599155,108.6,110.88,-0.0187,2.0021,4.26
2024-10-18,106.89,106.91,106.8,106.88,24123479,108.73,110.62,0.1405,1.9883,0.11
2024-10-21,111.69,111.81,111.64,111.76,21442440,109.03,110.55,4.5659,2.3084,0.17
2024-10-22,111.58,111.91,111.27,111.4,20578082,109.22,110.53,-0.3221,2.3197,0.64
2024-10-23,112.04,112.08,112.04,112.04,20809067,109.43,110.55,0.5745,2.3217,0.04
2024-10-24,112.14,112.2,111.89,112.01,25675304,109.65,110.52,-0.0268,2.3202,0.31
2024-10-25,110.07,110.64,108.8,109.71,27670215,110.08,110.38,-2.0534,2.0145,1.84
2024-10-28,111.71,112.07,111.39,112.02,12447356,110.83,110.36,2.1056,2.0977,0.68
2024-10-29,112.39,114.17,111.72,113.58,33477004,111.79,110.35,1.3926,2.0943,2.45
2024-10-30,116.17,117.55,115.11,115.25,33050204,112.29,110.39,1.4703,1.401,2.44
2024-10-31,112.43,114.34,111.47,113.41,11016071,112.57,110.3,-1.5965,1.5881,2.87
2024-11-01,116.24,116.44,116.02,116.34,31515560,113.19,110.36,2.5835,1.818,0.42
2024-11-04,112.98,113.62,112.53,113.48,31331313,113.4,110.34,-2.4583,2.1494,1.09
2024-11-05,114.73,114.81,114.68,114.72,25002672,114.11,110.39,1.0927,1.9142,0.13
2024-11-06,119.37,119.38,119.36,119.37,17216988,115.16,110.69,4.0533,2.2688,0.02
2024-11-07,117.31,118.05,116.45,117.29,31091368,115.69,110.9,-1.7425,2.4642,1.6
2024-11-08,115.75,117.97,114.65,116.14,23552613,115.82,111.06,-0.9805,2.4751,3.32
2024-11-11,117.15,118.22,116.33,116.38,28293273,116.25,111.22,0.2066,2.3557,1.89
2024-11-12,115.47,115.5,115.3,115.37,38315207,116.11,111.36,-0.8678,2.1753,0.2
2024-11-13,112.34,112.66,112.02,112.22,26511020,115.93,111.49,-2.7303,2.2263,0.64
2024-11-14,112.12,113.04,111.12,112.4,19498691,115.6,111.65,0.1604,2.1674,1.92
2024-11-15,110.95,111.42,110.28,110.3,22985614,114.3,111.76,-1.8683,1.0819,1.14
2024-11-18,111.09,111.62,110.94,111.28,20263327,113.44,111.96,0.8885,1.2693,0.68
2024-11-19,109.44,109.56,109.4,109.49,27600938,112.49,112.1,-1.6086,1.3106,0.16
2024-11-20,113.32,113.44,112.18,112.62,20163594,111.95,112.32,2.8587,1.9079,1.26
2024-11-21,110.78,111.79,110.76,111.07,22162891,111.34,112.37,-1.3763,1.9358,1.03
2024-11-22,110.49,110.52,110.29,110.46,17293417,111.09,112.38,-0.5492,1.6804,0.23
2024-11-25,111.3,112.46,110.37,112.13,24207477,111.05,112.44,1.5119,1.8036,2.09
2024-11-26,109.81,109.87,109.59,109.7,26060528,110.96,112.41,-2.1671,1.8574,0.28
2024-11-27,109.8,110.34,108.91,110.19,8891271,110.81,112.52,0.4467,1.8269,1.43
2024-11-28,112.73,113.03,112.7,112.84,26557441,111.29,112.73,2.4049,1.912,0.33
2024-11-29,109.5,109.82,109.39,109.66,24725798,110.86,112.82,-2.8181,1.9225,0.43
2024-12-02,109.4,110.13,108.37,110.06,20410048,110.72,112.76,0.3648,1.8819,1.76
2024-12-03,110.61,110.61,110.59,110.61,37171773,110.74,112.74,0.4997,1.8833,0.02
2024-12-04,112.17,112.25,112.04,112.21,30750859,110.75,112.74,1.4465,1.8749,0.21
2024-12-05,109.43,110.82,109.19,109.77,18421585,110.76,112.67,-2.1745,1.8764,1.63
2024-12-06,107.06,107.38,106.9,107.22,30029421,110.34,112.59,-2.323,2.0559,0.48
2024-12-09,108.95,109.48,107.71,108.27,32466988,109.69,112.46,0.9793,1.7882,1.77
2024-12-10,108.73,108.99,108.7,108.88,25792125,109.57,112.3,0.5634,1.5175,0.29
2024-12-11,109.13,109.61,108.69,109.41,27168652,109.48,112.11,0.4868,1.5243,0.92
2024-12-12,109.52,111.62,109.43,110.12,27030080,109.41,112.0,0.6489,1.5347,2.19
2024-12-13,108.84,108.85,108.75,108.82,12485104,108.93,111.75,-1.1805,1.424,0.1
2024-12-16,109.3,109.31,109.29,109.3,23878782,108.86,111.61,0.4411,1.2178,0.02
2024-12-17,109.92,109.92,109.9,109.92,23566522,109.25,111.45,0.5672,0.7008,0.02
2024-12-18,108.5,108.56,108.45,108.54,33580933,109.28,111.09,-1.2555,0.8613,0.11
2024-12-19,112.36,112.44,112.22,112.28,27002367,109.77,110.92,3.4457,1.5597,0.22
2024-12-20,113.16,113.56,113.1,113.28,23214334,110.32,110.83,0.8906,1.5687,0.46
2024-12-23,110.55,111.01,110.53,110.91,24459251,110.44,110.64,-2.0922,1.8455,0.48
2024-12-24,112.28,112.29,112.24,112.26,31140313,110.93,110.54,1.2172,1.7861,0.05
2024-12-25,110.0,110.59,109.7,110.34,23892492,111.08,110.48,-1.7103,1.9658,0.89
2024-12-26,112.04,112.39,111.87,111.95,20810826,111.37,110.46,1.4591,2.0252,0.52
2024-12-27,114.29,114.36,114.27,114.34,23345786,112.19,110.6,2.1349,2.0023,0.09
2024-12-30,112.6,112.92,112.54,112.7,30644176,112.25,110.64,-1.4343,1.746,0.38
2024-12-31,114.57,115.14,114.45,114.71,27976989,112.46,110.82,1.7835,1.846,0.69
2025-01-01,114.72,115.62,114.12,115.6,25265607,113.13,110.92,0.7759,1.5482,1.5
2025-01-02,116.77,117.42,116.7,117.36,26149235,113.86,111.13,1.5225,1.5725,0.72
2025-01-03,121.64,122.46,119.41,121.47,21641545,115.45,111.49,3.502,1.5026,3.05
2025-01-06,121.49,123.61,120.95,120.97,23836303,116.74,111.79,-0.4116,1.648,2.66
2025-01-07,119.29,119.58,119.01,119.38,21020174,117.46,112.11,-1.3144,1.8039,0.57
2025-01-08,117.35,117.57,117.31,117.51,23231324,118.14,112.36,-1.5664,1.8296,0.26
2025-01-09,115.32,115.9,114.22,115.84,33077069,118.3,112.46,-1.4212,1.8879,1.68
2025-01-10,115.39,116.01,114.78,115.71,18532769,118.32,112.66,-0.1122,1.869,1.23
2025-01-13,116.56,116.62,115.69,116.46,20867694,118.19,112.87,0.6482,1.7796,0.93
2025-01-14,116.29,117.18,115.98,117.07,17474206,117.56,113.09,0.5238,0.9283,1.2
2025-01-15,119.37,119.7,118.65,118.87,16174547,117.26,113.31,1.5375,1.215,1.05
2025-01-16,118.85,119.57,118.5,118.93,23879368,117.2,113.61,0.0505,1.1203,1.07
2025-01-17,122.64,123.03,121.96,122.12,21294344,117.86,114.11,2.6823,1.2978,1.07
2025-01-20,121.86,122.6,120.19,121.58,35570133,118.68,114.55,-0.4422,1.084,2.41
2025-01-21,127.82,128.0,127.63,127.71,23302920,120.39,115.18,5.0419,1.8915,0.37
2025-01-22,129.28,129.68,129.09,129.2,32736381,122.21,115.84,1.1667,1.8655,0.59
2025-01-23,126.89,129.06,126.17,127.26,30808038,123.67,116.41,-1.5015,2.1751,2.89
2025-01-24,124.99,125.02,124.18,124.87,23746275,124.52,116.95,-1.878,2.4567,0.84
2025-01-27,126.01,126.06,125.89,125.99,37660813,125.53,117.5,0.8969,2.4383,0.17
2025-01-28,125.67,125.86,125.43,125.53,26611203,126.02,118.02,-0.3651,2.3266,0.43
2025-01-29,127.33,127.46,126.63,127.19,34078055,126.82,118.65,1.3224,2.3136,0.83
2025-01-30,128.5,128.62,128.09,128.31,33379581,126.91,119.18,0.8806,1.327,0.53
2025-01-31,128.42,128.54,127.95,128.19,27487887,126.76,119.68,-0.0935,1.2365,0.59
2025-02-03,126.1,126.73,125.14,126.28,29506785,126.62,120.19,-1.49,1.2344,1.59
2025-02-04,122.66,123.21,121.67,122.92,28744428,126.34,120.55,-2.6608,1.4402,1.54
2025-02-05,121.87,122.34,121.59,121.98,18134431,125.77,120.93,-0.7647,1.361,0.75
2025-02-06,123.94,124.88,123.84,123.91,25343742,125.54,121.33,1.5822,1.5656,1.04
2025-02-07,124.48,124.53,124.4,124.42,31445483,125.14,121.67,0.4116,1.4543,0.13
2025-02-10,121.53,121.73,121.36,121.7,34157117,124.2,121.97,-2.1861,1.4989,0.37
2025-02-11,122.08,122.4,121.05,122.12,20676161,123.33,122.21,0.3451,1.5392,1.35
2025-02-12,123.03,124.02,122.05,123.01,28172987,122.87,122.46,0.7288,1.5728,1.97
2025-02-13,121.23,121.24,121.09,121.1,25905221,122.61,122.59,-1.5527,1.3418,0.15
2025-02-14,121.59,121.85,121.01,121.47,24292755,122.53,122.59,0.3055,1.3284,0.84
2025-02-17,121.82,122.59,120.94,121.64,27136015,122.21,122.61,0.14,1.1296,1.65
2025-02-18,119.3,119.32,119.11,119.19,26307984,121.46,122.6,-2.0141,1.2549,0.21
2025-02-19,119.84,120.36,117.7,120.0,28248445,121.22,122.69,0.6796,1.1124,2.66
2025-02-20,121.18,123.08,120.47,121.25,33650300,121.09,122.87,1.0417,1.1968,2.61
2025-02-21,123.58,124.32,122.71,123.68,29704765,121.19,123.13,2.0041,1.4196,1.61
2025-02-24,125.57,126.89,125.51,126.09,26863547,121.9,123.45,1.9486,1.3615,1.38
2025-02-25,122.22,123.77,122.21,123.03,36187750,122.13,123.65,-2.4268,1.7822,1.56
2025-02-26,120.35,121.1,119.7,121.01,31659577,122.04,123.72,-1.6419,1.9139,1.4
2025-02-27,121.04,123.56,121.0,122.17,24445609,122.46,123.83,0.9586,1.7285,2.56
2025-02-28,123.5,123.5,123.09,123.35,17697277,122.94,123.87,0.9659,1.7405,0.41
2025-03-03,124.58,124.61,124.52,124.53,19073015,123.41,123.97,0.9566,1.7356,0.09
2025-03-04,133.95,133.97,133.15,133.52,30599394,124.81,124.16,7.2191,3.1136,0.82
2025-03-05,134.84,135.1,134.65,134.93,21218125,126.08,124.35,1.056,3.0932,0.45
2025-03-06,137.74,137.78,137.73,137.76,18951667,128.18,124.7,2.0974,2.7028,0.05
2025-03-07,140.67,141.19,139.04,140.19,20451488,130.92,125.22,1.7639,2.2836,2.15
2025-03-10,141.8,141.93,141.79,141.89,20875694,133.74,125.75,1.2126,2.2636,0.14
2025-03-11,141.24,141.36,141.11,141.13,30103886,136.28,126.27,-0.5356,2.4605,0.25
2025-03-12,142.84,143.3,142.59,143.11,24059547,138.93,126.8,1.403,2.4357,0.71
2025-03-13,141.19,141.25,141.15,141.18,16765752,140.03,127.22,-1.3486,1.2657,0.1
2025-03-14,140.82,140.84,140.17,140.62,25186269,140.84,127.64,-0.3967,1.3352,0.67
2025-03-17,139.48,139.89,139.14,139.44,26333596,141.08,128.08,-0.8391,1.2444,0.75
2025-03-18,140.23,140.7,138.79,139.68,22123978,141.01,128.64,0.1721,1.0344,1.91
2025-03-19,145.95,146.11,144.97,145.67,31935310,141.55,129.43,4.2884,1.927,1.14
2025-03-20,140.95,140.96,140.82,140.9,22474366,141.51,129.99,-3.2745,2.3731,0.14
2025-03-21,142.6,142.7,142.51,142.69,31650026,141.45,130.6,1.2704,2.3606,0.19
2025-03-24,138.65,138.66,138.62,138.65,28580696,141.09,131.17,-2.8313,2.5581,0.04
2025-03-25,137.63,137.65,137.3,137.52,30559633,140.65,131.68,-0.815,2.5675,0.35
2025-03-26,140.18,140.6,140.04,140.28,18408694,140.77,132.26,2.007,2.6885,0.56
2025-03-27,140.2,141.0,140.11,140.49,25589861,140.89,132.9,0.1497,2.6885,0.89
2025-03-28,137.9,137.9,137.73,137.83,24683031,139.77,133.45,-1.8934,2.021,0.17
2025-03-31,136.25,136.91,135.6,136.11,16467960,139.08,133.93,-1.2479,1.726,1.31
2025-04-01,138.08,138.22,137.37,137.82,31630364,138.39,134.55,1.2563,1.7236,0.85
2025-04-02,136.95,138.41,135.95,136.06,20095594,138.02,135.09,-1.277,1.4487,2.46
2025-04-03,136.33,137.02,135.86,136.64,21342593,137.89,135.6,0.4263,1.4454,1.16
2025-04-04,137.04,137.61,136.78,136.79,18920104,137.39,136.04,0.1098,1.1322,0.83
2025-04-07,135.23,135.27,135.14,135.24,29207117,136.64,136.34,-1.1331,1.1409,0.13
2025-04-08,140.25,140.84,140.22,140.6,15844421,137.04,136.93,3.9633,1.8852,0.62
2025-04-09,143.37,144.93,142.02,142.25,28707248,137.91,137.63,1.1735,1.7727,2.91
2025-04-10,137.09,138.0,136.66,137.2,31267083,137.83,138.14,-3.5501,2.3375,1.34
2025-04-11,138.45,139.1,136.9,137.71,28223070,138.06,138.61,0.3717,2.2745,2.2
2025-04-14,135.15,136.76,134.65,136.12,29275770,137.99,139.0,-1.1546,2.3255,2.11
2025-04-15,138.28,138.36,138.12,138.26,29557278,138.2,139.16,1.5721,2.4047,0.24
2025-04-16,136.33,136.37,136.32,136.35,19303454,138.36,139.21,-1.3815,2.4289,0.05
2025-04-17,136.06,136.14,135.93,136.1,33608409,137.71,139.15,-0.1834,1.7534,0.21
2025-04-18,137.94,138.41,136.71,137.39,22239542,137.02,139.06,0.9478,1.7203,1.7
2025-04-21,139.55,139.67,139.51,139.59,24601674,137.36,138.98,1.6013,1.2178,0.16
2025-04-22,136.09,137.06,135.9,136.65,23004176,137.21,138.83,-2.1062,1.5041,1.16
2025-04-23,135.77,136.04,135.25,135.87,27949252,137.17,138.59,-0.5708,1.4512,0.79
2025-04-24,134.02,134.99,132.59,134.75,21771776,136.67,138.38,-0.8243,1.2872,2.4
2025-04-25,132.65,133.5,131.96,133.21,25401494,136.22,138.13,-1.1429,1.2584,1.54
2025-04-28,138.16,138.65,136.8,137.56,17587937,136.43,138.07,3.2655,1.8564,1.85
2025-04-29,139.07,139.41,138.19,138.61,31987991,136.61,138.03,0.7633,1.8448,1.22
2025-04-30,135.35,135.74,135.18,135.54,29024445,136.03,137.69,-2.2148,1.9042,0.56
2025-05-01,137.97,138.45,137.67,137.83,23246441,136.2,137.59,1.6895,1.879,0.78
2025-05-02,141.71,143.61,138.38,143.24,22185105,137.25,137.61,3.9251,2.3143,5.23
2025-05-05,145.63,146.38,145.52,145.98,28867769,138.85,137.85,1.9129,2.2277,0.86
2025-05-06,142.13,142.22,142.0,142.08,20756239,140.12,138.01,-2.6716,2.5447,0.22
2025-05-07,141.27,141.39,140.26,140.89,25752191,140.6,138.03,-0.8376,2.3912,1.13
2025-05-08,143.84,144.28,143.77,144.18,31968392,141.39,138.15,2.3352,2.5057,0.51
2025-05-09,142.62,142.72,142.39,142.4,20132457,142.37,138.3,-1.2346,2.345,0.33
2025-05-12,143.52,143.63,143.47,143.59,27211604,143.19,138.55,0.8357,2.3087,0.16
2025-05-13,145.99,146.0,145.64,145.65,26894351,143.54,138.81,1.4346,1.8611,0.36
2025-05-14,143.25,143.3,143.14,143.28,24415979,143.15,139.05,-1.6272,1.8155,0.16
2025-05-15,143.97,144.0,142.75,143.17,21977262,143.31,139.27,-0.0768,1.4714,1.25
2025-05-16,134.95,135.62,134.85,135.09,32288782,142.48,139.21,-5.6436,2.6451,0.77
2025-05-19,132.67,132.7,132.65,132.67,21414588,140.84,139.13,-1.7914,2.3314,0.05
2025-05-20,131.86,133.44,131.17,132.1,14127766,139.36,138.84,-0.4296,2.3468,2.27
2025-05-21,129.53,129.63,128.36,129.21,28843201,137.31,138.41,-2.1877,2.2182,1.27
2025-05-22,132.42,133.14,130.22,133.1,17792179,135.52,138.27,3.0106,2.6083,2.92
2025-05-23,129.36,129.88,129.11,129.76,29151286,133.59,138.01,-2.5094,2.6506,0.77
2025-05-26,129.02,129.64,128.74,128.77,33009419,131.53,137.76,-0.7629,2.6069,0.9
2025-05-27,129.51,129.6,129.04,129.11,28778499,130.67,137.46,0.264,1.8894,0.56
2025-05-28,133.29,133.78,131.79,132.55,31428467,130.66,137.33,2.6644,2.1634,1.99
2025-05-29,129.07,129.44,128.9,129.2,37120294,130.24,137.1,-2.5273,2.3694,0.54
2025-05-30,131.71,132.25,131.34,131.98,30800562,130.64,136.92,2.1517,2.3586,0.91
2025-06-02,131.99,132.18,131.97,132.04,26983440,130.49,136.67,0.0455,2.0413,0.21
2025-06-03,129.87,130.15,129.72,129.77,34803689,130.49,136.44,-1.7192,1.9028,0.43
2025-06-04,130.9,130.92,130.87,130.89,35528653,130.79,136.27,0.8631,1.891,0.05
2025-06-05,131.31,131.52,130.68,131.4,35612630,131.12,136.16,0.3896,1.8917,0.84
2025-06-06,130.03,130.25,129.95,130.03,22047138,130.76,136.06,-1.0426,1.606,0.3
2025-06-09,129.21,130.37,129.08,130.23,16875889,130.91,135.81,0.1538,1.2579,1.29
2025-06-10,129.58,129.89,129.33,129.37,21680846,130.53,135.5,-0.6604,0.8988,0.56
2025-06-11,129.49,129.71,129.47,129.67,29221849,130.19,135.31,0.2319,0.9127,0.24
2025-06-12,131.35,132.14,131.07,131.27,25954953,130.41,135.09,1.2339,0.7984,1.07
2025-06-13,135.23,135.58,134.7,135.11,23761114,131.01,134.82,2.9253,1.3128,0.88
2025-06-16,131.88,132.7,131.87,132.17,28362888,131.12,134.36,-2.176,1.6509,0.83
2025-06-17,137.24,137.55,137.07,137.39,16175169,132.17,134.2,3.9495,2.0958,0.48
2025-06-18,132.63,132.72,132.62,132.68,25847015,132.52,133.93,-3.4282,2.647,0.1
2025-06-19,133.34,133.94,131.05,132.36,31710745,132.95,133.53,-0.2412,2.6264,2.89
2025-06-20,134.08,134.2,133.54,133.81,28295893,133.54,133.25,1.0955,2.6398,0.66
2025-06-23,134.45,134.62,134.34,134.53,29150858,134.01,132.95,0.5381,2.6197,0.28
2025-06-24,133.03,133.42,132.79,133.07,34584236,133.72,132.53,-1.0853,2.3997,0.63
2025-06-25,133.07,133.69,131.66,132.61,24603140,133.78,132.17,-0.3457,2.2421,2.03
2025-06-26,132.2,133.05,131.32,131.48,21081450,132.93,131.78,-0.8521,1.4525,1.73
2025-06-27,130.81,131.81,129.34,130.13,32137090,132.57,131.62,-1.0268,0.8267,2.47
2025-06-30,132.15,132.21,132.15,132.18,32026723,132.54,131.6,1.5753,1.0838,0.06
2025-07-01,133.4,133.45,132.39,133.07,28349750,132.44,131.63,0.6733,1.0217,1.06
2025-07-02,131.47,131.49,131.45,131.46,24037773,132.0,131.71,-1.2099,1.0598,0.04
2025-07-03,133.66,133.66,133.64,133.64,25008277,132.08,131.72,1.6583,1.2259,0.02
2025-07-04,134.64,134.73,134.04,134.43,17339362,132.34,131.88,0.5911,1.2244,0.69
2025-07-07,136.81,136.94,136.02,136.45,31677679,133.05,132.14,1.5026,1.2101,0.92
2025-07-08,138.04,138.09,138.0,138.04,31465907,134.18,132.43,1.1653,1.0038,0.09
2025-07-09,136.37,136.73,135.71,136.04,17129903,134.73,132.55,-1.4489,1.2585,1.02
2025-07-10,134.5,135.03,134.37,134.72,30205792,134.97,132.73,-0.9703,1.3529,0.66
2025-07-11,136.72,136.8,136.44,136.58,27424609,135.7,132.89,1.3806,1.2591,0.36
2025-07-14,138.12,138.21,138.09,138.13,18868155,136.34,133.09,1.1349,1.1966,0.12
2025-07-15,137.82,138.28,137.54,138.12,17763998,136.87,133.37,-0.0072,1.2086,0.74
2025-07-16,138.14,139.1,138.12,138.45,27240959,137.15,133.62,0.2389,1.1054,0.98
2025-07-17,141.67,142.56,141.37,141.72,22613775,137.68,133.96,2.3619,1.3439,1.19
2025-07-18,140.31,140.44,140.16,140.26,35919693,138.28,134.31,-1.0302,1.2551,0.28
2025-07-21,141.81,142.39,141.59,141.69,30715590,139.28,134.69,1.0195,1.0967,0.8
2025-07-22,140.8,141.34,140.06,141.22,27842158,139.94,135.08,-0.3317,1.1178,1.28
2025-07-23,140.54,140.84,140.34,140.71,28138474,140.31,135.45,-0.3611,1.1155,0.5
2025-07-24,143.27,144.5,142.32,143.56,32985203,141.09,135.86,2.0254,1.2833,2.18
2025-07-25,145.6,146.51,143.94,145.75,30079108,142.13,136.22,1.5255,1.3211,2.57
2025-07-28,147.84,148.07,147.79,147.95,27998598,143.02,136.74,1.5094,1.1788,0.28
2025-07-29,151.57,152.35,151.41,151.51,19118432,144.63,137.21,2.4062,1.0879,0.94
2025-07-30,151.68,151.73,151.61,151.61,43371681,146.04,137.84,0.066,1.159,0.12
2025-07-31,153.41,153.75,152.95,153.53,18380903,147.8,138.55,1.2664,1.0054,0.8
2025-08-01,152.29,152.97,151.84,152.72,23124743,149.52,139.18,-0.5276,1.0496,1.13
2025-08-04,154.51,155.51,153.05,153.66,15071630,150.96,139.82,0.6155,0.9946,2.46
2025-08-05,152.55,153.6,151.86,153.35,28232788,152.05,140.49,-0.2017,1.0495,1.74
2025-08-06,153.86,154.32,153.24,153.66,25906662,152.86,141.19,0.2022,1.0037,1.08
2025-08-07,155.34,156.12,154.88,155.37,29591658,153.41,141.99,1.1128,0.6669,1.24
2025-08-08,154.22,154.37,151.81,153.14,14565606,153.63,142.76,-1.4353,0.9564,2.56
2025-08-11,159.21,160.54,158.21,159.06,31677434,154.42,143.65,3.8657,1.688,2.33
2025-08-12,156.01,156.36,155.77,156.26,20155387,154.93,144.43,-1.7603,1.8699,0.59
2025-08-13,153.04,153.06,152.45,152.93,24105968,154.82,145.14,-2.1311,2.0795,0.61
2025-08-14,156.11,156.23,156.1,156.19,30589427,155.23,145.89,2.1317,2.2325,0.13
2025-08-15,157.73,159.45,157.51,158.48,26567600,155.92,146.7,1.4662,2.2755,1.94
2025-08-18,159.57,160.48,159.43,160.32,26991655,156.63,147.49,1.161,2.2779,1.05
2025-08-19,162.71,163.04,160.99,162.19,29795072,157.92,148.3,1.1664,2.1219,2.05
2025-08-20,162.36,162.62,161.02,162.21,27572743,158.37,149.17,0.0123,1.6555,1.6
2025-08-21,159.68,159.7,159.64,159.66,22953352,158.85,150.0,-1.572,1.6177,0.06
2025-08-22,159.7,159.96,159.23,159.92,24001185,159.85,150.78,0.1628,1.2227,0.73
2025-08-25,156.78,158.4,155.83,158.03,26271272,160.12,151.44,-1.1818,1.1932,2.57
2025-08-26,160.8,161.56,160.06,160.88,19626663,160.46,152.2,1.8035,1.2591,1.5
2025-08-27,159.85,160.9,159.26,160.5,30976051,160.48,152.93,-0.2362,1.1944,1.64
2025-08-28,158.17,158.29,158.13,158.18,26731923,159.91,153.48,-1.4455,1.1853,0.16
2025-08-29,157.3,157.33,157.25,157.32,25448657,159.21,154.05,-0.5437,1.1755,0.08
2025-09-01,159.06,159.24,158.33,158.54,32154979,159.05,154.61,0.7755,1.1295,0.91
2025-09-02,156.44,157.53,156.14,156.98,24279318,158.63,155.14,-0.984,1.1684,1.39
2025-09-03,154.99,155.25,153.74,154.72,23905474,158.16,155.61,-1.4397,1.2058,1.51
2025-09-04,155.35,155.46,155.3,155.45,22092227,157.38,156.0,0.4718,0.8806,0.16
2025-09-05,155.92,156.88,155.43,156.18,27058402,156.77,156.35,0.4696,0.9515,1.45
2025-09-08,154.7,154.88,154.58,154.81,26850700,156.29,156.58,-0.8772,0.8664,0.3
2025-09-09,155.65,158.56,151.69,153.55,21002294,155.75,156.65,-0.8139,0.8847,6.87
2025-09-10,154.47,154.84,154.07,154.24,23933836,155.13,156.73,0.4494,0.8224,0.77
2025-09-11,150.54,150.95,150.15,150.32,21042386,154.18,156.63,-2.5415,1.154,0.8
2025-09-12,146.75,147.13,146.6,146.6,20770789,153.02,156.42,-2.4747,1.3306,0.53
2025-09-15,145.16,145.32,144.49,144.76,14620613,151.49,156.13,-1.2551,1.2197,0.83
2025-09-16,143.77,144.65,143.21,144.25,23614538,149.79,155.82,-0.3523,1.0862,1.44
2025-09-17,144.99,145.85,144.68,145.1,14786720,148.4,155.54,0.5893,1.2679,1.17
2025-09-18,149.55,149.76,148.56,149.05,22223105,147.76,155.33,2.7223,1.874,1.2
2025-09-19,151.52,151.83,151.02,151.42,21323832,147.36,155.27,1.5901,2.0061,0.81
2025-09-22,151.1,151.5,150.4,151.03,31311370,147.46,155.0,-0.2576,1.7384,1.1
2025-09-23,150.93,151.05,150.68,151.02,18910391,148.09,154.83,-0.0066,1.338,0.37
2025-09-24,148.35,148.55,147.97,148.36,20432881,148.6,154.68,-1.7614,1.4531,0.58
2025-09-25,147.89,148.69,147.69,148.36,22710855,149.19,154.41,0.0,1.4303,1.0
2025-09-26,147.63,147.64,147.62,147.63,21519138,149.55,154.05,-0.492,1.4657,0.02
2025-09-29,147.21,148.91,146.07,148.54,33215528,149.48,153.66,0.6164,1.0251,2.84
2025-09-30,145.43,147.65,144.81,146.39,18168595,148.76,153.13,-1.4474,0.845,2.84
2025-10-01,148.73,149.07,145.68,147.81,22723573,148.3,152.65,0.97,1.0098,3.39
2025-10-02,151.5,152.27,151.2,151.99,26992391,148.44,152.4,2.828,1.5645,1.07
2025-10-03,152.0,152.19,151.01,151.73,30287100,148.92,152.12,-0.1711,1.3495,1.18
2025-10-06,152.71,153.44,152.56,152.88,22718550,149.57,151.95,0.7579,1.3491,0.88
2025-10-07,154.91,155.36,154.58,154.84,13491402,150.6,151.75,1.2821,1.3115,0.78
2025-10-08,153.31,154.1,152.81,153.77,24099374,151.34,151.53,-0.691,1.413,1.29
2025-10-09,153.07,156.63,151.95,154.44,33112170,152.49,151.4,0.4357,1.1306,4.68
2025-10-10,154.42,154.57,154.26,154.52,26693124,153.45,151.31,0.0518,1.1569,0.31
2025-10-13,154.41,155.36,153.92,154.84,26418507,153.86,151.19,0.2071,0.6402,1.44
2025-10-14,153.24,153.47,152.49,152.74,18621892,154.0,151.04,-1.3562,0.8853,0.98
2025-10-15,153.42,154.55,152.25,152.86,18005970,154.0,150.98,0.0786,0.8369,2.3
2025-10-16,154.29,154.31,154.25,154.28,25108249,153.92,150.94,0.929,0.7533,0.06
2025-10-17,159.52,161.19,156.78,158.41,16441726,154.58,151.02,2.677,1.2114,4.41
2025-10-20,161.02,161.92,160.68,161.22,29688173,155.55,151.23,1.7739,1.3134,1.24
2025-10-21,167.71,167.89,167.53,167.64,19920122,157.43,151.7,3.9821,1.7842,0.36
2025-10-22,165.37,165.4,165.37,165.39,24852056,158.93,152.07,-1.3422,2.0077,0.03
2025-10-23,167.72,168.98,166.63,168.06,13685398,161.12,152.66,1.6144,1.7306,2.35
2025-10-24,167.01,168.72,164.03,168.66,22637188,163.38,153.4,0.357,1.6984,4.69
2025-10-27,175.91,176.02,174.73,175.5,17884836,166.41,154.42,4.0555,1.9395,1.29
2025-10-28,172.65,173.99,172.4,173.01,11068261,168.5,155.38,-1.4188,2.2499,1.59
2025-10-29,169.57,170.83,169.37,170.47,28251052,169.82,156.23,-1.4681,2.4575,1.46
2025-10-30,168.71,168.79,167.7,168.69,34846957,169.97,156.88,-1.0442,2.0881,1.09
2025-10-31,162.03,164.54,161.48,162.41,31776841,169.54,157.25,-3.7228,2.514,3.06
2025-11-03,160.63,161.21,160.42,160.93,29090144,168.52,157.58,-0.9113,2.3826,0.79
2025-11-04,159.02,159.64,158.64,158.79,22515272,167.11,157.84,-1.3298,2.3556,1.0
2025-11-05,159.27,159.32,159.01,159.27,29835341,164.8,158.2,0.3023,1.2016,0.31
2025-11-06,160.52,160.61,160.21,160.3,32343119,162.98,158.6,0.6467,1.4212,0.4
2025-11-07,166.44,166.56,164.82,165.86,25820930,162.32,159.21,3.4685,2.2034,1.74
2025-11-10,168.91,169.09,168.45,168.77,17893838,162.33,159.88,1.7545,2.3119,0.64
2025-11-11,168.0,169.89,166.25,167.08,22003694,163.0,160.57,-1.0014,1.7318,3.64
2025-11-12,165.54,165.74,163.71,164.45,35216178,163.5,161.13,-1.5741,1.8318,2.03
2025-11-13,166.96,169.24,165.92,165.96,24551534,164.53,161.59,0.9182,1.6847,3.32
2025-11-14,161.53,162.34,161.04,162.11,5051465,164.93,161.94,-2.3198,2.0298,1.3
2025-11-17,167.58,167.76,167.27,167.59,16186459,165.97,162.43,3.3804,2.3517,0.49
2025-11-18,171.1,171.35,171.08,171.24,22453307,166.74,162.98,2.1779,2.1356,0.27
2025-11-19,170.02,170.68,168.79,169.85,31214951,166.9,163.51,-0.8117,2.0996,1.89
2025-11-20,165.05,165.18,164.1,164.74,23361265,166.56,163.85,-3.0085,2.3932,1.08
2025-11-21,168.85,168.86,168.61,168.86,31326589,167.19,164.33,2.5009,2.4903,0.25
2025-11-24,168.61,168.96,168.54,168.56,21843025,167.56,164.79,-0.1777,2.4871,0.42
2025-11-25,172.44,172.45,172.39,172.41,13214244,169.04,165.45,2.2841,2.2961,0.06
2025-11-26,167.22,168.08,166.27,167.58,22050633,169.03,165.94,-2.8015,2.3735,1.81
2025-11-27,165.94,166.36,165.77,165.84,27069670,168.26,166.32,-1.0383,2.1912,0.59
2025-11-28,165.89,165.91,165.86,165.9,26571702,167.7,166.57,0.0362,2.1904,0.05
2025-12-01,165.68,166.29,165.1,166.09,17469353,167.89,166.73,0.1145,1.8405,1.19
2025-12-02,165.31,165.77,164.48,164.8,22892822,167.31,166.64,-0.7767,1.5274,1.29
2025-12-03,167.27,167.38,166.04,166.71,41108045,167.05,166.68,1.159,1.6307,1.34
2025-12-04,162.39,165.09,160.32,163.58,17600387,165.79,166.53,-1.8775,1.3275,4.77
2025-12-05,163.24,163.3,162.96,163.21,28964340,165.16,166.35,-0.2262,0.9698,0.34
2025-12-08,163.81,163.83,163.46,163.62,12419945,164.84,165.96,0.2512,0.9444,0.37
2025-12-09,164.94,165.62,164.82,165.19,30182750,164.74,165.7,0.9595,1.0406,0.8
2025-12-10,168.77,168.79,167.26,167.37,19646047,164.93,165.59,1.3197,1.1658,1.53
2025-12-11,164.03,164.14,163.85,164.06,27412529,164.82,165.44,-1.9777,1.3865,0.29
2025-12-12,159.38,159.73,159.37,159.64,17250846,163.81,165.35,-2.6941,1.5757,0.36
2025-12-15,163.72,164.03,163.19,163.41,26745116,163.79,165.43,2.3616,1.8038,0.84
2025-12-16,164.57,164.77,164.36,164.44,19548098,163.96,165.62,0.6303,1.815,0.41
2025-12-17,162.61,163.26,162.04,162.28,20709710,163.77,165.72,-1.3135,1.8911,1.22
2025-12-18,167.01,167.14,166.7,166.93,27651916,164.02,165.94,2.8654,2.184,0.44
2025-12-19,168.19,168.34,167.28,167.33,22417687,164.01,165.99,0.2396,2.1266,1.06
2025-12-22,170.56,171.62,170.18,170.97,27282288,165.0,166.06,2.1753,2.0559,1.44
2025-12-23,171.35,171.51,171.14,171.23,23854952,166.66,166.2,0.1521,1.5,0.37
2025-12-24,177.74,178.3,177.14,177.75,25404962,168.7,166.64,3.8077,1.7881,1.16
2025-12-25,182.21,184.08,182.0,183.51,27670518,171.43,167.23,3.2405,1.9119,2.08
2025-12-26,181.7,182.94,179.94,182.75,22899889,174.35,167.91,-0.4141,1.7026,3.0
2025-12-29,185.88,186.33,184.98,186.03,19023701,177.08,168.53,1.7948,1.6295,1.35
2025-12-30,188.42,188.66,188.24,188.26,21806126,180.07,169.1,1.1987,1.5366,0.42
2025-12-31,192.56,193.51,192.22,193.01,32170835,183.22,169.87,2.5231,1.5597,1.29
2026-01-01,189.74,189.79,189.72,189.74,25697038,185.86,170.7,-1.6942,1.9768,0.07
2026-01-02,192.25,193.39,192.03,192.16,19930609,187.92,171.48,1.2754,1.6943,1.36
2026-01-05,197.55,199.12,193.46,195.91,27409363,189.69,172.39,1.9515,1.4839,5.66
2026-01-06,188.59,190.27,187.28,189.87,27809893,190.71,172.97,-3.083,2.105,2.99
2026-01-07,186.17,189.15,185.37,185.92,28119994,190.7,173.58,-2.0804,2.2338,3.78
2026-01-08,179.56,179.75,178.85,179.27,19132976,189.41,174.03,-3.5768,2.522,0.9
2026-01-09,178.6,178.82,178.02,178.46,20905654,187.33,174.45,-0.4518,2.1117,0.8
2026-01-12,181.02,181.17,180.5,180.83,20939024,186.06,174.94,1.328,2.2715,0.67
2026-01-13,185.33,186.62,184.82,185.85,22836112,185.16,175.64,2.7761,2.5398,1.8
2026-01-14,186.02,186.4,185.88,186.15,28233515,183.76,176.29,0.1614,2.3402,0.52
2026-01-15,191.4,192.36,191.0,191.75,26777108,184.03,177.23,3.0083,2.4385,1.36
2026-01-16,188.5,190.5,185.82,187.1,27251301,184.2,178.03,-2.425,2.4943,4.68
2026-01-19,181.66,181.82,180.03,181.5,33124114,184.52,178.62,-2.9931,2.3561,1.79
2026-01-20,181.4,181.83,181.34,181.38,29133345,184.94,179.16,-0.0661,2.3428,0.49
2026-01-21,182.79,182.83,182.63,182.69,24149190,185.2,179.67,0.7222,2.3075,0.2
2026-01-22,183.61,184.64,181.01,182.64,17896688,184.74,180.29,-0.0274,2.0028,3.63
2026-01-23,175.43,176.07,174.43,176.02,20712717,183.3,180.84,-3.6246,2.3586,1.64
2026-01-26,176.96,177.91,174.18,175.79,23429769,181.02,181.25,-0.1307,1.7364,3.73
2026-01-27,171.71,172.73,170.84,171.76,29974778,178.83,181.49,-2.2925,1.7217,1.89
2026-01-28,173.92,173.95,173.85,173.89,24836008,177.74,181.88,1.2401,1.7311,0.1
2026-01-29,175.35,175.9,174.92,175.1,21062824,176.84,182.15,0.6958,1.7929,0.98
2026-01-30,172.34,172.44,172.08,172.21,20602642,175.34,182.32,-1.6505,1.7497,0.36
2026-02-02,170.34,171.24,170.29,170.68,24582530,173.64,182.31,-0.8885,1.714,0.95
2026-02-03,166.75,168.24,166.04,167.51,30339925,172.42,182.18,-1.8573,1.3448,2.2
2026-02-04,166.03,168.36,164.95,167.37,34546115,171.22,181.84,-0.0836,1.3482,3.41
2026-02-05,170.32,170.41,170.2,170.32,23765388,171.01,181.4,1.7626,1.4149,0.21
2026-02-06,168.25,168.67,166.78,167.37,24731540,170.08,180.88,-1.732,1.3873,1.89
2026-02-09,168.92,169.19,168.8,168.95,17716349,169.2,180.32,0.944,1.4267,0.39
2026-02-10,167.44,168.11,167.34,167.4,36635155,168.51,179.62,-0.9174,1.3532,0.77
2026-02-11,164.69,165.41,164.44,165.07,16593982,167.71,178.69,-1.3919,1.3965,0.97
2026-02-12,165.16,165.5,164.75,164.81,32029973,167.33,177.86,-0.1575,1.2552,0.75
2026-02-13,161.83,162.37,161.12,161.81,22807984,166.53,176.85,-1.8203,1.3873,1.25
2026-02-16,161.15,161.42,159.08,160.25,21403801,165.09,175.66,-0.9641,0.977,2.34
2026-02-17,156.95,157.16,156.71,156.88,18339978,163.6,174.56,-2.103,1.0401,0.45
2026-02-18,162.25,162.87,161.96,162.58,39460291,162.69,173.78,3.6334,1.9448,0.91
2026-02-19,162.74,162.77,162.63,162.73,26328949,162.02,173.23,0.0923,1.9488,0.14
2026-02-20,161.09,163.11,160.19,160.74,25127682,161.4,172.64,-1.2229,1.9353,2.92
2026-02-23,161.55,161.91,161.26,161.41,30320394,160.91,171.99,0.4168,1.9575,0.65
2026-02-24,161.28,163.83,160.4,161.13,21095003,160.82,171.17,-0.1735,1.837,3.43
2026-02-25,160.52,160.58,160.51,160.54,25011075,160.86,170.31,-0.3662,1.8007,0.07
2026-02-26,161.28,164.14,159.42,162.38,25338017,161.64,169.33,1.1461,1.5589,4.72
2026-02-27,164.54,164.73,164.41,164.65,21927125,161.94,168.59,1.398,0.9011,0.32
2026-03-02,162.76,163.67,162.72,163.14,32197828,162.0,167.97,-0.9171,0.9942,0.95
2026-03-03,161.81,162.77,160.52,161.51,23688073,162.11,167.31,-0.9991,0.9494,2.25
2026-03-04,160.52,160.88,160.21,160.76,15681207,162.02,166.58,-0.4644,0.9545,0.67
2026-03-05,154.33,154.73,154.06,154.28,23191015,161.04,165.63,-4.0309,1.7863,0.67
2026-03-06,151.01,152.32,147.85,150.17,26495072,159.56,164.77,-2.664,1.9397,4.47
2026-03-09,153.67,154.1,153.3,153.96,19639040,158.35,164.05,2.5238,2.2334,0.8
2026-03-10,160.76,160.85,155.57,158.63,20112431,157.49,163.61,3.0333,2.5561,5.28
2026-03-11,156.76,158.16,155.77,157.97,21722445,156.75,163.08,-0.4161,2.5496,2.39
2026-03-12,159.72,160.55,159.28,159.67,32327413,156.49,162.56,1.0762,2.5928,1.27
2026-03-13,160.4,161.35,159.35,160.61,22077051,156.47,162.18,0.5887,2.601,2.0
2026-03-16,169.68,169.87,169.63,169.81,33574702,158.69,162.15,5.7282,2.6845,0.24
2026-03-17,172.53,173.9,171.77,173.32,21310297,162.0,162.34,2.067,1.9949,2.13
2026-03-18,172.96,173.02,172.91,172.98,26950084,164.71,162.53,-0.1962,2.1539,0.11
2026-03-19,170.08,170.08,170.08,170.08,22322543,166.35,162.52,-1.6765,2.3897,0.0
2026-03-20,166.28,167.77,164.92,165.28,29524499,167.39,162.45,-2.8222,2.7737,2.85
2026-03-23,165.88,167.46,165.78,165.94,18290355,168.29,162.35,0.3993,2.7694,1.68
2026-03-24,164.35,165.65,163.61,163.74,29457156,168.74,162.23,-1.3258,2.8618,2.04
2026-03-25,159.55,159.73,159.52,159.65,25683216,167.28,162.05,-2.4979,1.7325,0.21
2026-03-26,157.85,157.85,157.83,157.85,21160049,165.07,161.82,-1.1275,1.1567,0.02
2026-03-27,154.78,155.03,154.55,154.85,24002671,162.48,161.58,-1.9005,1.0554,0.48
2026-03-30,161.47,161.48,157.72,159.68,34203129,161.0,161.56,3.1191,2.0543,3.76
2026-03-31,162.48,162.57,162.05,162.28,25827067,160.57,161.74,1.6283,2.0414,0.52
2026-04-01,162.02,162.36,161.48,162.31,20783631,160.05,161.74,0.0185,2.0265,0.88
2026-04-02,167.59,167.92,165.47,166.74,17771840,160.48,161.87,2.7293,2.2509,2.45
2026-04-03,167.26,167.51,166.81,167.02,28032425,161.53,162.08,0.1679,1.9005,0.7
2026-04-06,166.23,166.74,163.57,164.5,26175071,162.48,162.18,-1.5088,1.9647,3.17
2026-04-07,168.53,170.06,167.73,169.12,29170124,164.52,162.45,2.8085,1.7581,2.33
2026-04-08,170.54,170.99,170.44,170.82,16226651,166.11,162.79,1.0052,1.56,0.55
2026-04-09,167.88,167.93,167.59,167.71,17966437,166.89,162.97,-1.8206,1.8401,0.34
2026-04-10,167.76,168.02,165.32,167.19,31881275,167.59,163.05,-0.3101,1.8581,2.7
2026-04-13,164.9,165.07,164.09,164.62,26988049,167.28,163.1,-1.5372,1.6719,0.98
2026-04-14,160.59,160.67,160.55,160.63,28200405,166.37,163.07,-2.4238,1.8608,0.12
2026-04-15,163.17,164.16,162.31,163.37,19223877,166.21,163.16,1.7058,1.9752,1.85
2026-04-16,169.58,170.43,169.11,169.14,19114076,166.21,163.65,3.5319,2.1618,1.32
2026-04-17,165.24,165.4,164.9,164.98,30947551,165.38,164.15,-2.4595,2.2918,0.5
